{"A": [0.12125384954444318, 0.4132053074173899, 0.5149038332607823, 0.6436229125427201, 0.753502144797262, 0.2557056026726924, 0.6485806611030938, 0.29286914964943855, 0.8750658318510416, 0.22999067633723425], "B": [0.024988217856613093, 0.157848731005666, 0.051687536604168915, 0.18735767954138793, 0.15807138968438794, 0.9404199580610167, 0.8963706590185604, 0.4601172655674751, 0.18626610153582634, 0.08928450226332363], "C": [0.404507364586823, 0.21455012699973497, 0.9142402050245406, 0.8957784833081673, 0.7959226482711382, 0.40745094853515496, 0.035587033631383824, 0.12999012577493452, 0.7868800406341185, 0.0733630570974998], "D": [0.45036905348178946, 0.7792884023737476, 0.40467962661128243, 0.27312816986392163, 0.4936633987808321, 0.7491770826025043, 0.7836193240614489, 0.6366713982761878, 0.6899664562871356, 0.29322542762945036], "E": [0.458569240658409, 0.3898811394889484, 0.8768633841900343, 0.015767970273381837, 0.09046832523976989, 0.4617767239338829, 0.5696465181859084, 0.7780870996886735, 0.3264100563223875, 0.997418857519621]}